Test Name,Model Time,KPI Name, KPI Value
CustomCsvKpiRecorderFast,0,Blocked Count,0
CustomCsvKpiRecorderFast,0,Load Count,0
CustomCsvKpiRecorderFast,5,Blocked Count,3
CustomCsvKpiRecorderFast,5,Load Count,3
CustomCsvKpiRecorderFast,10,Blocked Count,6
CustomCsvKpiRecorderFast,10,Load Count,6
CustomCsvKpiRecorderFast,15,Blocked Count,9
CustomCsvKpiRecorderFast,15,Load Count,6
CustomCsvKpiRecorderFast,20,Blocked Count,12
CustomCsvKpiRecorderFast,20,Load Count,8
CustomCsvKpiRecorderFast,25,Blocked Count,15
CustomCsvKpiRecorderFast,25,Load Count,8
CustomCsvKpiRecorderFast,30,Blocked Count,18
CustomCsvKpiRecorderFast,30,Load Count,9
CustomCsvKpiRecorderFast,35,Blocked Count,21
CustomCsvKpiRecorderFast,35,Load Count,8
CustomCsvKpiRecorderSlow,0,Blocked Count,0
CustomCsvKpiRecorderSlow,0,Load Count,0
CustomCsvKpiRecorderSlow,5,Blocked Count,3
CustomCsvKpiRecorderSlow,5,Load Count,3
CustomCsvKpiRecorderSlow,10,Blocked Count,6
CustomCsvKpiRecorderSlow,10,Load Count,6
CustomCsvKpiRecorderSlow,15,Blocked Count,8
CustomCsvKpiRecorderSlow,15,Load Count,6
CustomCsvKpiRecorderSlow,20,Blocked Count,10
CustomCsvKpiRecorderSlow,20,Load Count,7
CustomCsvKpiRecorderSlow,25,Blocked Count,12
CustomCsvKpiRecorderSlow,25,Load Count,6
CustomCsvKpiRecorderSlow,30,Blocked Count,15
CustomCsvKpiRecorderSlow,30,Load Count,8
CustomCsvKpiRecorderSlow,35,Blocked Count,17
CustomCsvKpiRecorderSlow,35,Load Count,6
